S2052_000000000031	gi|1922729126|gb|CP063051.1|	100.000	3253	0	0	1	3253	19384	16132	0.0	6008	Vibrio coralliilyticus strain S2052 chromosome 1
S2052_000000000031	gi|1922729126|gb|CP063051.1|	100.000	3253	0	0	1	3253	162232	158980	0.0	6008	Vibrio coralliilyticus strain S2052 chromosome 1
S2052_000000000031	gi|1922729126|gb|CP063051.1|	100.000	3253	0	0	1	3253	2770633	2773885	0.0	6008	Vibrio coralliilyticus strain S2052 chromosome 1
S2052_000000000031	gi|1922729126|gb|CP063051.1|	100.000	3253	0	0	1	3253	2776284	2779536	0.0	6008	Vibrio coralliilyticus strain S2052 chromosome 1
S2052_000000000031	gi|1922729126|gb|CP063051.1|	100.000	3253	0	0	1	3253	2781791	2785043	0.0	6008	Vibrio coralliilyticus strain S2052 chromosome 1
S2052_000000000031	gi|1922729126|gb|CP063051.1|	100.000	3253	0	0	1	3253	2841442	2844694	0.0	6008	Vibrio coralliilyticus strain S2052 chromosome 1
S2052_000000000031	gi|1922729126|gb|CP063051.1|	100.000	3253	0	0	1	3253	2846949	2850201	0.0	6008	Vibrio coralliilyticus strain S2052 chromosome 1
S2052_000000000031	gi|1922729126|gb|CP063051.1|	100.000	3253	0	0	1	3253	2953357	2956609	0.0	6008	Vibrio coralliilyticus strain S2052 chromosome 1
S2052_000000000031	gi|1922729126|gb|CP063051.1|	100.000	3253	0	0	1	3253	3043870	3040618	0.0	6008	Vibrio coralliilyticus strain S2052 chromosome 1
S2052_000000000031	gi|1922729126|gb|CP063051.1|	94.400	125	6	1	5	128	19627	19503	3.22e-42	191	Vibrio coralliilyticus strain S2052 chromosome 1
S2052_000000000031	gi|2473706718|gb|CP120719.1|	99.600	3254	10	3	1	3253	214178	217429	0.0	5934	Vibrio coralliilyticus strain Rb102 chromosome 1, complete sequence
S2052_000000000031	gi|2473706718|gb|CP120719.1|	99.570	3254	11	3	1	3253	130907	134158	0.0	5928	Vibrio coralliilyticus strain Rb102 chromosome 1, complete sequence
S2052_000000000031	gi|2473706718|gb|CP120719.1|	99.570	3254	11	3	1	3253	624578	621327	0.0	5928	Vibrio coralliilyticus strain Rb102 chromosome 1, complete sequence
S2052_000000000031	gi|2473706718|gb|CP120719.1|	99.539	3254	12	3	1	3253	736035	732784	0.0	5923	Vibrio coralliilyticus strain Rb102 chromosome 1, complete sequence
S2052_000000000031	gi|2473706718|gb|CP120719.1|	99.325	3257	13	8	1	3253	219694	222945	0.0	5884	Vibrio coralliilyticus strain Rb102 chromosome 1, complete sequence
S2052_000000000031	gi|2473706718|gb|CP120719.1|	99.324	3256	14	8	1	3253	730520	727270	0.0	5884	Vibrio coralliilyticus strain Rb102 chromosome 1, complete sequence
S2052_000000000031	gi|2473706718|gb|CP120719.1|	99.294	3256	15	8	1	3252	3494682	3497933	0.0	5879	Vibrio coralliilyticus strain Rb102 chromosome 1, complete sequence
S2052_000000000031	gi|2473706718|gb|CP120719.1|	98.839	3274	13	7	1	3253	827530	824261	0.0	5812	Vibrio coralliilyticus strain Rb102 chromosome 1, complete sequence
S2052_000000000031	gi|2473706718|gb|CP120719.1|	99.499	3194	11	5	1	3191	833218	830027	0.0	5805	Vibrio coralliilyticus strain Rb102 chromosome 1, complete sequence
S2052_000000000031	gi|2473706718|gb|CP120719.1|	99.436	3191	13	5	1	3188	822007	818819	0.0	5788	Vibrio coralliilyticus strain Rb102 chromosome 1, complete sequence
S2052_000000000031	gi|2473706718|gb|CP120719.1|	99.280	3194	10	8	2	3188	534045	537232	0.0	5758	Vibrio coralliilyticus strain Rb102 chromosome 1, complete sequence
S2052_000000000031	gi|2473706718|gb|CP120719.1|	94.400	125	6	1	5	128	130664	130788	3.22e-42	191	Vibrio coralliilyticus strain Rb102 chromosome 1, complete sequence
S2052_000000000031	gi|2473706718|gb|CP120719.1|	92.063	63	3	2	3191	3253	537274	537334	4.35e-11	87.9	Vibrio coralliilyticus strain Rb102 chromosome 1, complete sequence
S2052_000000000031	gi|2473706718|gb|CP120719.1|	92.063	63	3	2	3191	3253	829988	829928	4.35e-11	87.9	Vibrio coralliilyticus strain Rb102 chromosome 1, complete sequence
S2052_000000000031	gi|1046927131|gb|CP016556.1|	99.509	3256	12	4	1	3253	2212115	2208861	0.0	5921	Vibrio coralliilyticus strain 58 chromosome I, complete sequence
S2052_000000000031	gi|1046927131|gb|CP016556.1|	99.386	3255	14	6	1	3252	2026710	2023459	0.0	5895	Vibrio coralliilyticus strain 58 chromosome I, complete sequence
S2052_000000000031	gi|1046927131|gb|CP016556.1|	99.386	3256	13	7	1	3253	2223304	2220053	0.0	5895	Vibrio coralliilyticus strain 58 chromosome I, complete sequence
S2052_000000000031	gi|1046927131|gb|CP016556.1|	99.263	3256	18	6	1	3253	2147986	2144734	0.0	5875	Vibrio coralliilyticus strain 58 chromosome I, complete sequence
S2052_000000000031	gi|1046927131|gb|CP016556.1|	99.110	3260	17	8	1	3253	1414637	1417891	0.0	5849	Vibrio coralliilyticus strain 58 chromosome I, complete sequence
S2052_000000000031	gi|1046927131|gb|CP016556.1|	98.870	3275	14	5	1	3253	1645530	1648803	0.0	5821	Vibrio coralliilyticus strain 58 chromosome I, complete sequence
S2052_000000000031	gi|1046927131|gb|CP016556.1|	98.778	3274	17	5	2	3253	1920493	1923765	0.0	5803	Vibrio coralliilyticus strain 58 chromosome I, complete sequence
S2052_000000000031	gi|1046927131|gb|CP016556.1|	98.717	3274	16	8	1	3252	2153521	2150252	0.0	5790	Vibrio coralliilyticus strain 58 chromosome I, complete sequence
S2052_000000000031	gi|1046927131|gb|CP016556.1|	98.717	3274	16	8	1	3252	2217650	2214381	0.0	5790	Vibrio coralliilyticus strain 58 chromosome I, complete sequence
S2052_000000000031	gi|1046927131|gb|CP016556.1|	98.717	3273	16	8	1	3252	1639997	1643264	0.0	5788	Vibrio coralliilyticus strain 58 chromosome I, complete sequence
S2052_000000000031	gi|1046927131|gb|CP016556.1|	98.656	3274	19	7	1	3252	1556607	1559877	0.0	5779	Vibrio coralliilyticus strain 58 chromosome I, complete sequence
S2052_000000000031	gi|1046927131|gb|CP016556.1|	94.400	125	6	1	5	128	1556364	1556488	3.22e-42	191	Vibrio coralliilyticus strain 58 chromosome I, complete sequence
S2753_000000000026	gi|2030487859|gb|CP073578.1|	98.318	2794	36	10	1	2786	3479169	3476379	0.0	4889	Photobacterium sp. GJ3 chromosome, complete genome
S2753_000000000026	gi|2030487859|gb|CP073578.1|	98.282	2794	36	11	1	2786	3593174	3590385	0.0	4883	Photobacterium sp. GJ3 chromosome, complete genome
S2753_000000000026	gi|2030487859|gb|CP073578.1|	98.282	2794	36	11	1	2786	3598986	3596197	0.0	4883	Photobacterium sp. GJ3 chromosome, complete genome
S2753_000000000026	gi|2030487859|gb|CP073578.1|	98.281	2792	36	11	1	2783	3048613	3051401	0.0	4879	Photobacterium sp. GJ3 chromosome, complete genome
S2753_000000000026	gi|2030487859|gb|CP073578.1|	98.175	2795	39	11	1	2786	182540	179749	0.0	4868	Photobacterium sp. GJ3 chromosome, complete genome
S2753_000000000026	gi|2030487859|gb|CP073578.1|	98.175	2795	38	12	1	2786	3350743	3353533	0.0	4867	Photobacterium sp. GJ3 chromosome, complete genome
S2753_000000000026	gi|2030487859|gb|CP073578.1|	98.140	2795	38	13	1	2786	188492	185703	0.0	4861	Photobacterium sp. GJ3 chromosome, complete genome
S2753_000000000026	gi|2030487859|gb|CP073578.1|	98.923	2414	17	8	1	2406	3473432	3471020	0.0	4305	Photobacterium sp. GJ3 chromosome, complete genome
S2753_000000000026	gi|2030487859|gb|CP073578.1|	98.839	2412	21	6	1	2406	2644622	2647032	0.0	4292	Photobacterium sp. GJ3 chromosome, complete genome
S2753_000000000026	gi|2030487859|gb|CP073578.1|	98.798	2413	21	7	1	2406	2744623	2747034	0.0	4289	Photobacterium sp. GJ3 chromosome, complete genome
S2753_000000000026	gi|2030487859|gb|CP073578.1|	95.855	1520	31	32	1273	2786	3603274	3601781	0.0	2429	Photobacterium sp. GJ3 chromosome, complete genome
S2753_000000000026	gi|2030487859|gb|CP073578.1|	98.904	1277	8	5	1	1272	1276	1	0.0	2276	Photobacterium sp. GJ3 chromosome, complete genome
S2753_000000000026	gi|2030487859|gb|CP073578.1|	94.195	379	18	4	2410	2786	2647142	2647518	6.51e-158	575	Photobacterium sp. GJ3 chromosome, complete genome
S2753_000000000026	gi|2030487859|gb|CP073578.1|	94.195	379	18	4	2410	2786	2747144	2747520	6.51e-158	575	Photobacterium sp. GJ3 chromosome, complete genome
S2753_000000000026	gi|2030487859|gb|CP073578.1|	93.931	379	18	5	2410	2786	3470910	3470535	1.09e-155	568	Photobacterium sp. GJ3 chromosome, complete genome
S2753_000000000026	gi|2271415029|gb|CP100425.1|	98.210	2793	41	8	1	2786	35101	32311	0.0	4872	Photobacterium sp. CCB-ST2H9 chromosome 1, complete sequence
S2753_000000000026	gi|2271415029|gb|CP100425.1|	98.210	2793	41	8	1	2786	348762	345972	0.0	4872	Photobacterium sp. CCB-ST2H9 chromosome 1, complete sequence
S2753_000000000026	gi|2271415029|gb|CP100425.1|	98.210	2793	41	8	1	2786	632969	630179	0.0	4872	Photobacterium sp. CCB-ST2H9 chromosome 1, complete sequence
S2753_000000000026	gi|2271415029|gb|CP100425.1|	98.210	2793	41	8	1	2786	3165081	3167871	0.0	4872	Photobacterium sp. CCB-ST2H9 chromosome 1, complete sequence
S2753_000000000026	gi|2271415029|gb|CP100425.1|	98.210	2793	41	8	1	2786	3170621	3173411	0.0	4872	Photobacterium sp. CCB-ST2H9 chromosome 1, complete sequence
S2753_000000000026	gi|2271415029|gb|CP100425.1|	98.210	2793	41	8	1	2786	3395029	3397819	0.0	4872	Photobacterium sp. CCB-ST2H9 chromosome 1, complete sequence
S2753_000000000026	gi|2271415029|gb|CP100425.1|	98.210	2793	41	8	1	2786	3400791	3403581	0.0	4872	Photobacterium sp. CCB-ST2H9 chromosome 1, complete sequence
S2753_000000000026	gi|2271415029|gb|CP100425.1|	98.210	2793	41	8	1	2786	3406329	3409119	0.0	4872	Photobacterium sp. CCB-ST2H9 chromosome 1, complete sequence
S2753_000000000026	gi|2271415029|gb|CP100425.1|	98.210	2793	41	8	1	2786	3514543	3517333	0.0	4872	Photobacterium sp. CCB-ST2H9 chromosome 1, complete sequence
S2753_000000000026	gi|2271415029|gb|CP100425.1|	98.210	2793	41	8	1	2786	3520113	3522903	0.0	4872	Photobacterium sp. CCB-ST2H9 chromosome 1, complete sequence
S2753_000000000026	gi|2271415029|gb|CP100425.1|	98.174	2793	42	8	1	2786	722294	719504	0.0	4867	Photobacterium sp. CCB-ST2H9 chromosome 1, complete sequence
S2753_000000000026	gi|2271415029|gb|CP100425.1|	98.174	2793	42	8	1	2786	3159394	3162184	0.0	4867	Photobacterium sp. CCB-ST2H9 chromosome 1, complete sequence
S2753_000000000026	gi|2176112298|gb|CP090364.1|	96.605	2798	79	13	1	2786	2972003	2974796	0.0	4626	Photobacterium sp. TLY01 chromosome 1, complete sequence
S2753_000000000026	gi|2176112298|gb|CP090364.1|	96.570	2799	77	16	1	2786	577884	575092	0.0	4619	Photobacterium sp. TLY01 chromosome 1, complete sequence
S2753_000000000026	gi|2176112298|gb|CP090364.1|	96.569	2798	79	14	1	2786	2966430	2969222	0.0	4619	Photobacterium sp. TLY01 chromosome 1, complete sequence
S2753_000000000026	gi|2176112298|gb|CP090364.1|	96.570	2799	77	16	1	2786	3287068	3289860	0.0	4619	Photobacterium sp. TLY01 chromosome 1, complete sequence
S2753_000000000026	gi|2176112298|gb|CP090364.1|	96.534	2799	77	16	1	2786	34237	31446	0.0	4614	Photobacterium sp. TLY01 chromosome 1, complete sequence
S2753_000000000026	gi|2176112298|gb|CP090364.1|	96.534	2799	78	16	1	2786	310732	307940	0.0	4614	Photobacterium sp. TLY01 chromosome 1, complete sequence
S2753_000000000026	gi|2176112298|gb|CP090364.1|	96.533	2798	80	14	1	2786	2977578	2980370	0.0	4614	Photobacterium sp. TLY01 chromosome 1, complete sequence
S2753_000000000026	gi|2176112298|gb|CP090364.1|	96.536	2800	76	17	1	2786	3180275	3183067	0.0	4614	Photobacterium sp. TLY01 chromosome 1, complete sequence
S2753_000000000026	gi|2176112298|gb|CP090364.1|	96.534	2799	78	16	1	2786	3292643	3295435	0.0	4614	Photobacterium sp. TLY01 chromosome 1, complete sequence
S2753_000000000026	gi|2176112298|gb|CP090364.1|	96.501	2801	76	18	1	2786	3174701	3177494	0.0	4610	Photobacterium sp. TLY01 chromosome 1, complete sequence
S2753_000000000026	gi|2176112298|gb|CP090364.1|	96.497	2798	81	14	1	2786	2960848	2963640	0.0	4608	Photobacterium sp. TLY01 chromosome 1, complete sequence
S2753_000000000026	gi|2176112298|gb|CP090364.1|	96.463	2799	79	16	1	2786	673011	670220	0.0	4602	Photobacterium sp. TLY01 chromosome 1, complete sequence
S2753_000000000030	gi|2030487859|gb|CP073578.1|	99.814	1077	2	0	1	1077	178980	177904	0.0	1978	Photobacterium sp. GJ3 chromosome, complete genome
S2753_000000000030	gi|2030487859|gb|CP073578.1|	99.814	1077	2	0	1	1077	2748084	2749160	0.0	1978	Photobacterium sp. GJ3 chromosome, complete genome
S2753_000000000030	gi|2030487859|gb|CP073578.1|	99.814	1077	2	0	1	1077	3052392	3053468	0.0	1978	Photobacterium sp. GJ3 chromosome, complete genome
S2753_000000000030	gi|2030487859|gb|CP073578.1|	99.814	1077	2	0	1	1077	3354096	3355172	0.0	1978	Photobacterium sp. GJ3 chromosome, complete genome
S2753_000000000030	gi|2030487859|gb|CP073578.1|	99.721	1077	3	0	1	1077	184800	183724	0.0	1973	Photobacterium sp. GJ3 chromosome, complete genome
S2753_000000000030	gi|2030487859|gb|CP073578.1|	99.721	1077	2	1	1	1077	3470062	3468987	0.0	1971	Photobacterium sp. GJ3 chromosome, complete genome
S2753_000000000030	gi|2030487859|gb|CP073578.1|	99.443	1077	6	0	1	1077	2648287	2649363	0.0	1956	Photobacterium sp. GJ3 chromosome, complete genome
S2753_000000000030	gi|2030487859|gb|CP073578.1|	99.443	1077	6	0	1	1077	3475696	3474620	0.0	1956	Photobacterium sp. GJ3 chromosome, complete genome
S2753_000000000030	gi|2030487859|gb|CP073578.1|	99.443	1077	6	0	1	1077	3589476	3588400	0.0	1956	Photobacterium sp. GJ3 chromosome, complete genome
S2753_000000000030	gi|2030487859|gb|CP073578.1|	99.443	1077	6	0	1	1077	3595294	3594218	0.0	1956	Photobacterium sp. GJ3 chromosome, complete genome
S2753_000000000030	gi|2030487859|gb|CP073578.1|	99.443	1077	2	4	1	1077	3601100	3600028	0.0	1953	Photobacterium sp. GJ3 chromosome, complete genome
S2753_000000000030	gi|2176112298|gb|CP090364.1|	99.721	1077	3	0	1	1077	30609	29533	0.0	1973	Photobacterium sp. TLY01 chromosome 1, complete sequence
S2753_000000000030	gi|2176112298|gb|CP090364.1|	99.721	1077	3	0	1	1077	3178166	3179242	0.0	1973	Photobacterium sp. TLY01 chromosome 1, complete sequence
S2753_000000000030	gi|2176112298|gb|CP090364.1|	99.629	1077	4	0	1	1077	307384	306308	0.0	1967	Photobacterium sp. TLY01 chromosome 1, complete sequence
S2753_000000000030	gi|2176112298|gb|CP090364.1|	99.629	1077	4	0	1	1077	574254	573178	0.0	1967	Photobacterium sp. TLY01 chromosome 1, complete sequence
S2753_000000000030	gi|2176112298|gb|CP090364.1|	99.629	1077	4	0	1	1077	669664	668588	0.0	1967	Photobacterium sp. TLY01 chromosome 1, complete sequence
S2753_000000000030	gi|2176112298|gb|CP090364.1|	99.629	1077	4	0	1	1077	3183971	3185047	0.0	1967	Photobacterium sp. TLY01 chromosome 1, complete sequence
S2753_000000000030	gi|2176112298|gb|CP090364.1|	99.629	1077	4	0	1	1077	3295895	3296971	0.0	1967	Photobacterium sp. TLY01 chromosome 1, complete sequence
S2753_000000000030	gi|2176112298|gb|CP090364.1|	99.628	1076	4	0	1	1076	2964321	2965396	0.0	1965	Photobacterium sp. TLY01 chromosome 1, complete sequence
S2753_000000000030	gi|2176112298|gb|CP090364.1|	99.628	1076	4	0	1	1076	2975469	2976544	0.0	1965	Photobacterium sp. TLY01 chromosome 1, complete sequence
S2753_000000000030	gi|2176112298|gb|CP090364.1|	99.628	1076	4	0	1	1076	2981043	2982118	0.0	1965	Photobacterium sp. TLY01 chromosome 1, complete sequence
S2753_000000000030	gi|2176112298|gb|CP090364.1|	99.628	1076	4	0	1	1076	3290534	3291609	0.0	1965	Photobacterium sp. TLY01 chromosome 1, complete sequence
S2753_000000000030	gi|2176112298|gb|CP090364.1|	99.535	1076	5	0	1	1076	2969894	2970969	0.0	1960	Photobacterium sp. TLY01 chromosome 1, complete sequence
S2753_000000000030	gi|1146059146|ref|NR_145878.1|	100.000	1065	0	0	13	1077	1540	476	0.0	1967	Photobacterium galatheae strain S2753 16S ribosomal RNA, partial sequence
S2754_000000000026	gi|2030487859|gb|CP073578.1|	99.037	2597	18	6	9	2599	3476574	3479169	0.0	4650	Photobacterium sp. GJ3 chromosome, complete genome
S2754_000000000026	gi|2030487859|gb|CP073578.1|	98.999	2598	18	7	9	2599	3051209	3048613	0.0	4647	Photobacterium sp. GJ3 chromosome, complete genome
S2754_000000000026	gi|2030487859|gb|CP073578.1|	98.999	2597	18	7	9	2599	3590580	3593174	0.0	4645	Photobacterium sp. GJ3 chromosome, complete genome
S2754_000000000026	gi|2030487859|gb|CP073578.1|	98.999	2597	18	7	9	2599	3596392	3598986	0.0	4645	Photobacterium sp. GJ3 chromosome, complete genome
S2754_000000000026	gi|2030487859|gb|CP073578.1|	98.884	2598	21	7	9	2599	179944	182540	0.0	4630	Photobacterium sp. GJ3 chromosome, complete genome
S2754_000000000026	gi|2030487859|gb|CP073578.1|	98.884	2598	20	8	9	2599	3353338	3350743	0.0	4628	Photobacterium sp. GJ3 chromosome, complete genome
S2754_000000000026	gi|2030487859|gb|CP073578.1|	98.845	2598	20	9	9	2599	185898	188492	0.0	4623	Photobacterium sp. GJ3 chromosome, complete genome
S2754_000000000026	gi|2030487859|gb|CP073578.1|	98.923	2414	17	8	194	2599	3471020	3473432	0.0	4305	Photobacterium sp. GJ3 chromosome, complete genome
S2754_000000000026	gi|2030487859|gb|CP073578.1|	98.839	2412	21	6	194	2599	2647032	2644622	0.0	4292	Photobacterium sp. GJ3 chromosome, complete genome
S2754_000000000026	gi|2030487859|gb|CP073578.1|	98.798	2413	21	7	194	2599	2747034	2744623	0.0	4289	Photobacterium sp. GJ3 chromosome, complete genome
S2754_000000000026	gi|2030487859|gb|CP073578.1|	98.904	1277	8	5	1328	2599	1	1276	0.0	2276	Photobacterium sp. GJ3 chromosome, complete genome
S2754_000000000026	gi|2030487859|gb|CP073578.1|	96.901	1323	13	28	9	1327	3601976	3603274	0.0	2191	Photobacterium sp. GJ3 chromosome, complete genome
S2754_000000000026	gi|2030487859|gb|CP073578.1|	100.000	182	0	0	9	190	2647323	2647142	3.12e-86	337	Photobacterium sp. GJ3 chromosome, complete genome
S2754_000000000026	gi|2030487859|gb|CP073578.1|	100.000	182	0	0	9	190	2747325	2747144	3.12e-86	337	Photobacterium sp. GJ3 chromosome, complete genome
S2754_000000000026	gi|2030487859|gb|CP073578.1|	99.451	182	0	1	9	190	3470730	3470910	5.22e-84	329	Photobacterium sp. GJ3 chromosome, complete genome
S2754_000000000026	gi|2271415029|gb|CP100425.1|	98.960	2596	22	4	9	2599	3397624	3395029	0.0	4639	Photobacterium sp. CCB-ST2H9 chromosome 1, complete sequence
S2754_000000000026	gi|2271415029|gb|CP100425.1|	98.921	2596	23	4	9	2599	32506	35101	0.0	4634	Photobacterium sp. CCB-ST2H9 chromosome 1, complete sequence
S2754_000000000026	gi|2271415029|gb|CP100425.1|	98.921	2596	23	4	9	2599	346167	348762	0.0	4634	Photobacterium sp. CCB-ST2H9 chromosome 1, complete sequence
S2754_000000000026	gi|2271415029|gb|CP100425.1|	98.921	2596	23	4	9	2599	630374	632969	0.0	4634	Photobacterium sp. CCB-ST2H9 chromosome 1, complete sequence
S2754_000000000026	gi|2271415029|gb|CP100425.1|	98.921	2596	23	4	9	2599	3161989	3159394	0.0	4634	Photobacterium sp. CCB-ST2H9 chromosome 1, complete sequence
S2754_000000000026	gi|2271415029|gb|CP100425.1|	98.921	2596	23	4	9	2599	3167676	3165081	0.0	4634	Photobacterium sp. CCB-ST2H9 chromosome 1, complete sequence
S2754_000000000026	gi|2271415029|gb|CP100425.1|	98.921	2596	23	4	9	2599	3173216	3170621	0.0	4634	Photobacterium sp. CCB-ST2H9 chromosome 1, complete sequence
S2754_000000000026	gi|2271415029|gb|CP100425.1|	98.921	2596	23	4	9	2599	3403386	3400791	0.0	4634	Photobacterium sp. CCB-ST2H9 chromosome 1, complete sequence
S2754_000000000026	gi|2271415029|gb|CP100425.1|	98.921	2596	23	4	9	2599	3408924	3406329	0.0	4634	Photobacterium sp. CCB-ST2H9 chromosome 1, complete sequence
S2754_000000000026	gi|2271415029|gb|CP100425.1|	98.921	2596	23	4	9	2599	3517138	3514543	0.0	4634	Photobacterium sp. CCB-ST2H9 chromosome 1, complete sequence
S2754_000000000026	gi|2271415029|gb|CP100425.1|	98.921	2596	23	4	9	2599	3522708	3520113	0.0	4634	Photobacterium sp. CCB-ST2H9 chromosome 1, complete sequence
S2754_000000000026	gi|2271415029|gb|CP100425.1|	98.883	2596	24	4	9	2599	719699	722294	0.0	4628	Photobacterium sp. CCB-ST2H9 chromosome 1, complete sequence
S2754_000000000026	gi|2308716966|gb|CP099734.1|	97.344	2598	53	14	10	2597	3393830	3391239	0.0	4401	Photobacterium sp. TY1-4 chromosome 1, complete sequence
S2754_000000000026	gi|2308716966|gb|CP099734.1|	97.372	2588	55	12	10	2589	3398630	3396048	0.0	4390	Photobacterium sp. TY1-4 chromosome 1, complete sequence
S2754_000000000026	gi|2308716966|gb|CP099734.1|	96.946	2587	67	11	10	2589	681821	684402	0.0	4329	Photobacterium sp. TY1-4 chromosome 1, complete sequence
S2754_000000000026	gi|2308716966|gb|CP099734.1|	96.839	2594	70	11	3	2589	3231618	3229030	0.0	4325	Photobacterium sp. TY1-4 chromosome 1, complete sequence
S2754_000000000026	gi|2308716966|gb|CP099734.1|	96.800	2594	71	11	3	2589	32404	34992	0.0	4320	Photobacterium sp. TY1-4 chromosome 1, complete sequence
S2754_000000000026	gi|2308716966|gb|CP099734.1|	96.767	2598	69	13	10	2597	303557	306149	0.0	4318	Photobacterium sp. TY1-4 chromosome 1, complete sequence
S2754_000000000026	gi|2308716966|gb|CP099734.1|	96.762	2594	72	11	3	2589	26934	29522	0.0	4314	Photobacterium sp. TY1-4 chromosome 1, complete sequence
S2754_000000000026	gi|2308716966|gb|CP099734.1|	96.723	2594	73	11	3	2589	3520509	3517921	0.0	4309	Photobacterium sp. TY1-4 chromosome 1, complete sequence
S2754_000000000026	gi|2308716966|gb|CP099734.1|	96.792	2587	71	11	10	2589	587566	590147	0.0	4307	Photobacterium sp. TY1-4 chromosome 1, complete sequence
S2754_000000000026	gi|2308716966|gb|CP099734.1|	96.792	2587	71	11	10	2589	3061207	3058626	0.0	4307	Photobacterium sp. TY1-4 chromosome 1, complete sequence
S2754_000000000026	gi|2308716966|gb|CP099734.1|	96.685	2594	74	11	3	2589	3514929	3512341	0.0	4303	Photobacterium sp. TY1-4 chromosome 1, complete sequence
S2754_000000000026	gi|2308716966|gb|CP099734.1|	96.753	2587	72	11	10	2589	3509097	3506516	0.0	4301	Photobacterium sp. TY1-4 chromosome 1, complete sequence
S2754_000000000026	gi|2308716966|gb|CP099734.1|	96.536	2598	72	16	10	2597	3388327	3385738	0.0	4283	Photobacterium sp. TY1-4 chromosome 1, complete sequence
S2754_000000000030	gi|2176112298|gb|CP090364.1|	87.807	1099	108	6	1	1099	1643799	1644871	0.0	1264	Photobacterium sp. TLY01 chromosome 1, complete sequence
S2754_000000000030	gi|2030487859|gb|CP073578.1|	86.052	466	65	0	641	1106	3423087	3422622	4.36e-136	501	Photobacterium sp. GJ3 chromosome, complete genome
S2754_000000000030	gi|2030487859|gb|CP073578.1|	86.052	466	64	1	641	1106	3414023	3414487	1.57e-135	499	Photobacterium sp. GJ3 chromosome, complete genome
S2754_000000000030	gi|2030487859|gb|CP073578.1|	83.595	573	48	19	2	574	3413505	3414031	2.03e-134	496	Photobacterium sp. GJ3 chromosome, complete genome
S2754_000000000030	gi|2030487859|gb|CP073578.1|	82.900	538	46	19	37	574	3423570	3423079	2.68e-118	442	Photobacterium sp. GJ3 chromosome, complete genome
S2754_000000000030	gi|2030487859|gb|CP073578.1|	96.226	53	2	0	1054	1106	3280796	3280744	1.45e-11	87.9	Photobacterium sp. GJ3 chromosome, complete genome
S2754_000000000030	gi|2030487859|gb|CP073578.1|	96.226	53	2	0	1054	1106	3289083	3289031	1.45e-11	87.9	Photobacterium sp. GJ3 chromosome, complete genome
S2754_000000000030	gi|2030491004|gb|CP073579.1|	94.017	117	6	1	2	118	1666981	1666866	3.00e-38	176	Photobacterium sp. GJ3 plasmid pGJ3-1, complete sequence
S2052_000000000031	gi|1922729126|gb|CP063051.1|	100.000	3253	0	0	1	3253	19384	16132	0.0	6008	Vibrio coralliilyticus strain S2052 chromosome 1
S2052_000000000031	gi|1922729126|gb|CP063051.1|	100.000	3253	0	0	1	3253	162232	158980	0.0	6008	Vibrio coralliilyticus strain S2052 chromosome 1
S2052_000000000031	gi|1922729126|gb|CP063051.1|	100.000	3253	0	0	1	3253	2770633	2773885	0.0	6008	Vibrio coralliilyticus strain S2052 chromosome 1
S2052_000000000031	gi|1922729126|gb|CP063051.1|	100.000	3253	0	0	1	3253	2776284	2779536	0.0	6008	Vibrio coralliilyticus strain S2052 chromosome 1
S2052_000000000031	gi|1922729126|gb|CP063051.1|	100.000	3253	0	0	1	3253	2781791	2785043	0.0	6008	Vibrio coralliilyticus strain S2052 chromosome 1
S2052_000000000031	gi|1922729126|gb|CP063051.1|	100.000	3253	0	0	1	3253	2841442	2844694	0.0	6008	Vibrio coralliilyticus strain S2052 chromosome 1
S2052_000000000031	gi|1922729126|gb|CP063051.1|	100.000	3253	0	0	1	3253	2846949	2850201	0.0	6008	Vibrio coralliilyticus strain S2052 chromosome 1
S2052_000000000031	gi|1922729126|gb|CP063051.1|	100.000	3253	0	0	1	3253	2953357	2956609	0.0	6008	Vibrio coralliilyticus strain S2052 chromosome 1
S2052_000000000031	gi|1922729126|gb|CP063051.1|	100.000	3253	0	0	1	3253	3043870	3040618	0.0	6008	Vibrio coralliilyticus strain S2052 chromosome 1
S2052_000000000031	gi|1922729126|gb|CP063051.1|	94.400	125	6	1	5	128	19627	19503	3.22e-42	191	Vibrio coralliilyticus strain S2052 chromosome 1
S2052_000000000031	gi|2473706718|gb|CP120719.1|	99.600	3254	10	3	1	3253	214178	217429	0.0	5934	Vibrio coralliilyticus strain Rb102 chromosome 1, complete sequence
S2052_000000000031	gi|2473706718|gb|CP120719.1|	99.570	3254	11	3	1	3253	130907	134158	0.0	5928	Vibrio coralliilyticus strain Rb102 chromosome 1, complete sequence
S2052_000000000031	gi|2473706718|gb|CP120719.1|	99.570	3254	11	3	1	3253	624578	621327	0.0	5928	Vibrio coralliilyticus strain Rb102 chromosome 1, complete sequence
S2052_000000000031	gi|2473706718|gb|CP120719.1|	99.539	3254	12	3	1	3253	736035	732784	0.0	5923	Vibrio coralliilyticus strain Rb102 chromosome 1, complete sequence
S2052_000000000031	gi|2473706718|gb|CP120719.1|	99.325	3257	13	8	1	3253	219694	222945	0.0	5884	Vibrio coralliilyticus strain Rb102 chromosome 1, complete sequence
S2052_000000000031	gi|2473706718|gb|CP120719.1|	99.324	3256	14	8	1	3253	730520	727270	0.0	5884	Vibrio coralliilyticus strain Rb102 chromosome 1, complete sequence
S2052_000000000031	gi|2473706718|gb|CP120719.1|	99.294	3256	15	8	1	3252	3494682	3497933	0.0	5879	Vibrio coralliilyticus strain Rb102 chromosome 1, complete sequence
S2052_000000000031	gi|2473706718|gb|CP120719.1|	98.839	3274	13	7	1	3253	827530	824261	0.0	5812	Vibrio coralliilyticus strain Rb102 chromosome 1, complete sequence
S2052_000000000031	gi|2473706718|gb|CP120719.1|	99.499	3194	11	5	1	3191	833218	830027	0.0	5805	Vibrio coralliilyticus strain Rb102 chromosome 1, complete sequence
S2052_000000000031	gi|2473706718|gb|CP120719.1|	99.436	3191	13	5	1	3188	822007	818819	0.0	5788	Vibrio coralliilyticus strain Rb102 chromosome 1, complete sequence
S2052_000000000031	gi|2473706718|gb|CP120719.1|	99.280	3194	10	8	2	3188	534045	537232	0.0	5758	Vibrio coralliilyticus strain Rb102 chromosome 1, complete sequence
S2052_000000000031	gi|2473706718|gb|CP120719.1|	94.400	125	6	1	5	128	130664	130788	3.22e-42	191	Vibrio coralliilyticus strain Rb102 chromosome 1, complete sequence
S2052_000000000031	gi|2473706718|gb|CP120719.1|	92.063	63	3	2	3191	3253	537274	537334	4.35e-11	87.9	Vibrio coralliilyticus strain Rb102 chromosome 1, complete sequence
S2052_000000000031	gi|2473706718|gb|CP120719.1|	92.063	63	3	2	3191	3253	829988	829928	4.35e-11	87.9	Vibrio coralliilyticus strain Rb102 chromosome 1, complete sequence
S2052_000000000031	gi|1046927131|gb|CP016556.1|	99.509	3256	12	4	1	3253	2212115	2208861	0.0	5921	Vibrio coralliilyticus strain 58 chromosome I, complete sequence
S2052_000000000031	gi|1046927131|gb|CP016556.1|	99.386	3255	14	6	1	3252	2026710	2023459	0.0	5895	Vibrio coralliilyticus strain 58 chromosome I, complete sequence
S2052_000000000031	gi|1046927131|gb|CP016556.1|	99.386	3256	13	7	1	3253	2223304	2220053	0.0	5895	Vibrio coralliilyticus strain 58 chromosome I, complete sequence
S2052_000000000031	gi|1046927131|gb|CP016556.1|	99.263	3256	18	6	1	3253	2147986	2144734	0.0	5875	Vibrio coralliilyticus strain 58 chromosome I, complete sequence
S2052_000000000031	gi|1046927131|gb|CP016556.1|	99.110	3260	17	8	1	3253	1414637	1417891	0.0	5849	Vibrio coralliilyticus strain 58 chromosome I, complete sequence
S2052_000000000031	gi|1046927131|gb|CP016556.1|	98.870	3275	14	5	1	3253	1645530	1648803	0.0	5821	Vibrio coralliilyticus strain 58 chromosome I, complete sequence
S2052_000000000031	gi|1046927131|gb|CP016556.1|	98.778	3274	17	5	2	3253	1920493	1923765	0.0	5803	Vibrio coralliilyticus strain 58 chromosome I, complete sequence
S2052_000000000031	gi|1046927131|gb|CP016556.1|	98.717	3274	16	8	1	3252	2153521	2150252	0.0	5790	Vibrio coralliilyticus strain 58 chromosome I, complete sequence
S2052_000000000031	gi|1046927131|gb|CP016556.1|	98.717	3274	16	8	1	3252	2217650	2214381	0.0	5790	Vibrio coralliilyticus strain 58 chromosome I, complete sequence
S2052_000000000031	gi|1046927131|gb|CP016556.1|	98.717	3273	16	8	1	3252	1639997	1643264	0.0	5788	Vibrio coralliilyticus strain 58 chromosome I, complete sequence
S2052_000000000031	gi|1046927131|gb|CP016556.1|	98.656	3274	19	7	1	3252	1556607	1559877	0.0	5779	Vibrio coralliilyticus strain 58 chromosome I, complete sequence
S2052_000000000031	gi|1046927131|gb|CP016556.1|	94.400	125	6	1	5	128	1556364	1556488	3.22e-42	191	Vibrio coralliilyticus strain 58 chromosome I, complete sequence
S2753_000000000026	gi|2030487859|gb|CP073578.1|	98.318	2794	36	10	1	2786	3479169	3476379	0.0	4889	Photobacterium sp. GJ3 chromosome, complete genome
S2753_000000000026	gi|2030487859|gb|CP073578.1|	98.282	2794	36	11	1	2786	3593174	3590385	0.0	4883	Photobacterium sp. GJ3 chromosome, complete genome
S2753_000000000026	gi|2030487859|gb|CP073578.1|	98.282	2794	36	11	1	2786	3598986	3596197	0.0	4883	Photobacterium sp. GJ3 chromosome, complete genome
S2753_000000000026	gi|2030487859|gb|CP073578.1|	98.281	2792	36	11	1	2783	3048613	3051401	0.0	4879	Photobacterium sp. GJ3 chromosome, complete genome
S2753_000000000026	gi|2030487859|gb|CP073578.1|	98.175	2795	39	11	1	2786	182540	179749	0.0	4868	Photobacterium sp. GJ3 chromosome, complete genome
S2753_000000000026	gi|2030487859|gb|CP073578.1|	98.175	2795	38	12	1	2786	3350743	3353533	0.0	4867	Photobacterium sp. GJ3 chromosome, complete genome
S2753_000000000026	gi|2030487859|gb|CP073578.1|	98.140	2795	38	13	1	2786	188492	185703	0.0	4861	Photobacterium sp. GJ3 chromosome, complete genome
S2753_000000000026	gi|2030487859|gb|CP073578.1|	98.923	2414	17	8	1	2406	3473432	3471020	0.0	4305	Photobacterium sp. GJ3 chromosome, complete genome
S2753_000000000026	gi|2030487859|gb|CP073578.1|	98.839	2412	21	6	1	2406	2644622	2647032	0.0	4292	Photobacterium sp. GJ3 chromosome, complete genome
S2753_000000000026	gi|2030487859|gb|CP073578.1|	98.798	2413	21	7	1	2406	2744623	2747034	0.0	4289	Photobacterium sp. GJ3 chromosome, complete genome
S2753_000000000026	gi|2030487859|gb|CP073578.1|	95.855	1520	31	32	1273	2786	3603274	3601781	0.0	2429	Photobacterium sp. GJ3 chromosome, complete genome
S2753_000000000026	gi|2030487859|gb|CP073578.1|	98.904	1277	8	5	1	1272	1276	1	0.0	2276	Photobacterium sp. GJ3 chromosome, complete genome
S2753_000000000026	gi|2030487859|gb|CP073578.1|	94.195	379	18	4	2410	2786	2647142	2647518	6.51e-158	575	Photobacterium sp. GJ3 chromosome, complete genome
S2753_000000000026	gi|2030487859|gb|CP073578.1|	94.195	379	18	4	2410	2786	2747144	2747520	6.51e-158	575	Photobacterium sp. GJ3 chromosome, complete genome
S2753_000000000026	gi|2030487859|gb|CP073578.1|	93.931	379	18	5	2410	2786	3470910	3470535	1.09e-155	568	Photobacterium sp. GJ3 chromosome, complete genome
S2753_000000000026	gi|2271415029|gb|CP100425.1|	98.210	2793	41	8	1	2786	35101	32311	0.0	4872	Photobacterium sp. CCB-ST2H9 chromosome 1, complete sequence
S2753_000000000026	gi|2271415029|gb|CP100425.1|	98.210	2793	41	8	1	2786	348762	345972	0.0	4872	Photobacterium sp. CCB-ST2H9 chromosome 1, complete sequence
S2753_000000000026	gi|2271415029|gb|CP100425.1|	98.210	2793	41	8	1	2786	632969	630179	0.0	4872	Photobacterium sp. CCB-ST2H9 chromosome 1, complete sequence
S2753_000000000026	gi|2271415029|gb|CP100425.1|	98.210	2793	41	8	1	2786	3165081	3167871	0.0	4872	Photobacterium sp. CCB-ST2H9 chromosome 1, complete sequence
S2753_000000000026	gi|2271415029|gb|CP100425.1|	98.210	2793	41	8	1	2786	3170621	3173411	0.0	4872	Photobacterium sp. CCB-ST2H9 chromosome 1, complete sequence
S2753_000000000026	gi|2271415029|gb|CP100425.1|	98.210	2793	41	8	1	2786	3395029	3397819	0.0	4872	Photobacterium sp. CCB-ST2H9 chromosome 1, complete sequence
S2753_000000000026	gi|2271415029|gb|CP100425.1|	98.210	2793	41	8	1	2786	3400791	3403581	0.0	4872	Photobacterium sp. CCB-ST2H9 chromosome 1, complete sequence
S2753_000000000026	gi|2271415029|gb|CP100425.1|	98.210	2793	41	8	1	2786	3406329	3409119	0.0	4872	Photobacterium sp. CCB-ST2H9 chromosome 1, complete sequence
S2753_000000000026	gi|2271415029|gb|CP100425.1|	98.210	2793	41	8	1	2786	3514543	3517333	0.0	4872	Photobacterium sp. CCB-ST2H9 chromosome 1, complete sequence
S2753_000000000026	gi|2271415029|gb|CP100425.1|	98.210	2793	41	8	1	2786	3520113	3522903	0.0	4872	Photobacterium sp. CCB-ST2H9 chromosome 1, complete sequence
S2753_000000000026	gi|2271415029|gb|CP100425.1|	98.174	2793	42	8	1	2786	722294	719504	0.0	4867	Photobacterium sp. CCB-ST2H9 chromosome 1, complete sequence
S2753_000000000026	gi|2271415029|gb|CP100425.1|	98.174	2793	42	8	1	2786	3159394	3162184	0.0	4867	Photobacterium sp. CCB-ST2H9 chromosome 1, complete sequence
S2753_000000000026	gi|2176112298|gb|CP090364.1|	96.605	2798	79	13	1	2786	2972003	2974796	0.0	4626	Photobacterium sp. TLY01 chromosome 1, complete sequence
S2753_000000000026	gi|2176112298|gb|CP090364.1|	96.570	2799	77	16	1	2786	577884	575092	0.0	4619	Photobacterium sp. TLY01 chromosome 1, complete sequence
S2753_000000000026	gi|2176112298|gb|CP090364.1|	96.569	2798	79	14	1	2786	2966430	2969222	0.0	4619	Photobacterium sp. TLY01 chromosome 1, complete sequence
S2753_000000000026	gi|2176112298|gb|CP090364.1|	96.570	2799	77	16	1	2786	3287068	3289860	0.0	4619	Photobacterium sp. TLY01 chromosome 1, complete sequence
S2753_000000000026	gi|2176112298|gb|CP090364.1|	96.534	2799	77	16	1	2786	34237	31446	0.0	4614	Photobacterium sp. TLY01 chromosome 1, complete sequence
S2753_000000000026	gi|2176112298|gb|CP090364.1|	96.534	2799	78	16	1	2786	310732	307940	0.0	4614	Photobacterium sp. TLY01 chromosome 1, complete sequence
S2753_000000000026	gi|2176112298|gb|CP090364.1|	96.533	2798	80	14	1	2786	2977578	2980370	0.0	4614	Photobacterium sp. TLY01 chromosome 1, complete sequence
S2753_000000000026	gi|2176112298|gb|CP090364.1|	96.536	2800	76	17	1	2786	3180275	3183067	0.0	4614	Photobacterium sp. TLY01 chromosome 1, complete sequence
S2753_000000000026	gi|2176112298|gb|CP090364.1|	96.534	2799	78	16	1	2786	3292643	3295435	0.0	4614	Photobacterium sp. TLY01 chromosome 1, complete sequence
S2753_000000000026	gi|2176112298|gb|CP090364.1|	96.501	2801	76	18	1	2786	3174701	3177494	0.0	4610	Photobacterium sp. TLY01 chromosome 1, complete sequence
S2753_000000000026	gi|2176112298|gb|CP090364.1|	96.497	2798	81	14	1	2786	2960848	2963640	0.0	4608	Photobacterium sp. TLY01 chromosome 1, complete sequence
S2753_000000000026	gi|2176112298|gb|CP090364.1|	96.463	2799	79	16	1	2786	673011	670220	0.0	4602	Photobacterium sp. TLY01 chromosome 1, complete sequence
S2753_000000000030	gi|2030487859|gb|CP073578.1|	99.814	1077	2	0	1	1077	178980	177904	0.0	1978	Photobacterium sp. GJ3 chromosome, complete genome
S2753_000000000030	gi|2030487859|gb|CP073578.1|	99.814	1077	2	0	1	1077	2748084	2749160	0.0	1978	Photobacterium sp. GJ3 chromosome, complete genome
S2753_000000000030	gi|2030487859|gb|CP073578.1|	99.814	1077	2	0	1	1077	3052392	3053468	0.0	1978	Photobacterium sp. GJ3 chromosome, complete genome
S2753_000000000030	gi|2030487859|gb|CP073578.1|	99.814	1077	2	0	1	1077	3354096	3355172	0.0	1978	Photobacterium sp. GJ3 chromosome, complete genome
S2753_000000000030	gi|2030487859|gb|CP073578.1|	99.721	1077	3	0	1	1077	184800	183724	0.0	1973	Photobacterium sp. GJ3 chromosome, complete genome
S2753_000000000030	gi|2030487859|gb|CP073578.1|	99.721	1077	2	1	1	1077	3470062	3468987	0.0	1971	Photobacterium sp. GJ3 chromosome, complete genome
S2753_000000000030	gi|2030487859|gb|CP073578.1|	99.443	1077	6	0	1	1077	2648287	2649363	0.0	1956	Photobacterium sp. GJ3 chromosome, complete genome
S2753_000000000030	gi|2030487859|gb|CP073578.1|	99.443	1077	6	0	1	1077	3475696	3474620	0.0	1956	Photobacterium sp. GJ3 chromosome, complete genome
S2753_000000000030	gi|2030487859|gb|CP073578.1|	99.443	1077	6	0	1	1077	3589476	3588400	0.0	1956	Photobacterium sp. GJ3 chromosome, complete genome
S2753_000000000030	gi|2030487859|gb|CP073578.1|	99.443	1077	6	0	1	1077	3595294	3594218	0.0	1956	Photobacterium sp. GJ3 chromosome, complete genome
S2753_000000000030	gi|2030487859|gb|CP073578.1|	99.443	1077	2	4	1	1077	3601100	3600028	0.0	1953	Photobacterium sp. GJ3 chromosome, complete genome
S2753_000000000030	gi|2176112298|gb|CP090364.1|	99.721	1077	3	0	1	1077	30609	29533	0.0	1973	Photobacterium sp. TLY01 chromosome 1, complete sequence
S2753_000000000030	gi|2176112298|gb|CP090364.1|	99.721	1077	3	0	1	1077	3178166	3179242	0.0	1973	Photobacterium sp. TLY01 chromosome 1, complete sequence
S2753_000000000030	gi|2176112298|gb|CP090364.1|	99.629	1077	4	0	1	1077	307384	306308	0.0	1967	Photobacterium sp. TLY01 chromosome 1, complete sequence
S2753_000000000030	gi|2176112298|gb|CP090364.1|	99.629	1077	4	0	1	1077	574254	573178	0.0	1967	Photobacterium sp. TLY01 chromosome 1, complete sequence
S2753_000000000030	gi|2176112298|gb|CP090364.1|	99.629	1077	4	0	1	1077	669664	668588	0.0	1967	Photobacterium sp. TLY01 chromosome 1, complete sequence
S2753_000000000030	gi|2176112298|gb|CP090364.1|	99.629	1077	4	0	1	1077	3183971	3185047	0.0	1967	Photobacterium sp. TLY01 chromosome 1, complete sequence
S2753_000000000030	gi|2176112298|gb|CP090364.1|	99.629	1077	4	0	1	1077	3295895	3296971	0.0	1967	Photobacterium sp. TLY01 chromosome 1, complete sequence
S2753_000000000030	gi|2176112298|gb|CP090364.1|	99.628	1076	4	0	1	1076	2964321	2965396	0.0	1965	Photobacterium sp. TLY01 chromosome 1, complete sequence
S2753_000000000030	gi|2176112298|gb|CP090364.1|	99.628	1076	4	0	1	1076	2975469	2976544	0.0	1965	Photobacterium sp. TLY01 chromosome 1, complete sequence
S2753_000000000030	gi|2176112298|gb|CP090364.1|	99.628	1076	4	0	1	1076	2981043	2982118	0.0	1965	Photobacterium sp. TLY01 chromosome 1, complete sequence
S2753_000000000030	gi|2176112298|gb|CP090364.1|	99.628	1076	4	0	1	1076	3290534	3291609	0.0	1965	Photobacterium sp. TLY01 chromosome 1, complete sequence
S2753_000000000030	gi|2176112298|gb|CP090364.1|	99.535	1076	5	0	1	1076	2969894	2970969	0.0	1960	Photobacterium sp. TLY01 chromosome 1, complete sequence
S2753_000000000030	gi|1146059146|ref|NR_145878.1|	100.000	1065	0	0	13	1077	1540	476	0.0	1967	Photobacterium galatheae strain S2753 16S ribosomal RNA, partial sequence
S2754_000000000026	gi|2030487859|gb|CP073578.1|	99.037	2597	18	6	9	2599	3476574	3479169	0.0	4650	Photobacterium sp. GJ3 chromosome, complete genome
S2754_000000000026	gi|2030487859|gb|CP073578.1|	98.999	2598	18	7	9	2599	3051209	3048613	0.0	4647	Photobacterium sp. GJ3 chromosome, complete genome
S2754_000000000026	gi|2030487859|gb|CP073578.1|	98.999	2597	18	7	9	2599	3590580	3593174	0.0	4645	Photobacterium sp. GJ3 chromosome, complete genome
S2754_000000000026	gi|2030487859|gb|CP073578.1|	98.999	2597	18	7	9	2599	3596392	3598986	0.0	4645	Photobacterium sp. GJ3 chromosome, complete genome
S2754_000000000026	gi|2030487859|gb|CP073578.1|	98.884	2598	21	7	9	2599	179944	182540	0.0	4630	Photobacterium sp. GJ3 chromosome, complete genome
S2754_000000000026	gi|2030487859|gb|CP073578.1|	98.884	2598	20	8	9	2599	3353338	3350743	0.0	4628	Photobacterium sp. GJ3 chromosome, complete genome
S2754_000000000026	gi|2030487859|gb|CP073578.1|	98.845	2598	20	9	9	2599	185898	188492	0.0	4623	Photobacterium sp. GJ3 chromosome, complete genome
S2754_000000000026	gi|2030487859|gb|CP073578.1|	98.923	2414	17	8	194	2599	3471020	3473432	0.0	4305	Photobacterium sp. GJ3 chromosome, complete genome
S2754_000000000026	gi|2030487859|gb|CP073578.1|	98.839	2412	21	6	194	2599	2647032	2644622	0.0	4292	Photobacterium sp. GJ3 chromosome, complete genome
S2754_000000000026	gi|2030487859|gb|CP073578.1|	98.798	2413	21	7	194	2599	2747034	2744623	0.0	4289	Photobacterium sp. GJ3 chromosome, complete genome
S2754_000000000026	gi|2030487859|gb|CP073578.1|	98.904	1277	8	5	1328	2599	1	1276	0.0	2276	Photobacterium sp. GJ3 chromosome, complete genome
S2754_000000000026	gi|2030487859|gb|CP073578.1|	96.901	1323	13	28	9	1327	3601976	3603274	0.0	2191	Photobacterium sp. GJ3 chromosome, complete genome
S2754_000000000026	gi|2030487859|gb|CP073578.1|	100.000	182	0	0	9	190	2647323	2647142	3.12e-86	337	Photobacterium sp. GJ3 chromosome, complete genome
S2754_000000000026	gi|2030487859|gb|CP073578.1|	100.000	182	0	0	9	190	2747325	2747144	3.12e-86	337	Photobacterium sp. GJ3 chromosome, complete genome
S2754_000000000026	gi|2030487859|gb|CP073578.1|	99.451	182	0	1	9	190	3470730	3470910	5.22e-84	329	Photobacterium sp. GJ3 chromosome, complete genome
S2754_000000000026	gi|2271415029|gb|CP100425.1|	98.960	2596	22	4	9	2599	3397624	3395029	0.0	4639	Photobacterium sp. CCB-ST2H9 chromosome 1, complete sequence
S2754_000000000026	gi|2271415029|gb|CP100425.1|	98.921	2596	23	4	9	2599	32506	35101	0.0	4634	Photobacterium sp. CCB-ST2H9 chromosome 1, complete sequence
S2754_000000000026	gi|2271415029|gb|CP100425.1|	98.921	2596	23	4	9	2599	346167	348762	0.0	4634	Photobacterium sp. CCB-ST2H9 chromosome 1, complete sequence
S2754_000000000026	gi|2271415029|gb|CP100425.1|	98.921	2596	23	4	9	2599	630374	632969	0.0	4634	Photobacterium sp. CCB-ST2H9 chromosome 1, complete sequence
S2754_000000000026	gi|2271415029|gb|CP100425.1|	98.921	2596	23	4	9	2599	3161989	3159394	0.0	4634	Photobacterium sp. CCB-ST2H9 chromosome 1, complete sequence
S2754_000000000026	gi|2271415029|gb|CP100425.1|	98.921	2596	23	4	9	2599	3167676	3165081	0.0	4634	Photobacterium sp. CCB-ST2H9 chromosome 1, complete sequence
S2754_000000000026	gi|2271415029|gb|CP100425.1|	98.921	2596	23	4	9	2599	3173216	3170621	0.0	4634	Photobacterium sp. CCB-ST2H9 chromosome 1, complete sequence
S2754_000000000026	gi|2271415029|gb|CP100425.1|	98.921	2596	23	4	9	2599	3403386	3400791	0.0	4634	Photobacterium sp. CCB-ST2H9 chromosome 1, complete sequence
S2754_000000000026	gi|2271415029|gb|CP100425.1|	98.921	2596	23	4	9	2599	3408924	3406329	0.0	4634	Photobacterium sp. CCB-ST2H9 chromosome 1, complete sequence
S2754_000000000026	gi|2271415029|gb|CP100425.1|	98.921	2596	23	4	9	2599	3517138	3514543	0.0	4634	Photobacterium sp. CCB-ST2H9 chromosome 1, complete sequence
S2754_000000000026	gi|2271415029|gb|CP100425.1|	98.921	2596	23	4	9	2599	3522708	3520113	0.0	4634	Photobacterium sp. CCB-ST2H9 chromosome 1, complete sequence
S2754_000000000026	gi|2271415029|gb|CP100425.1|	98.883	2596	24	4	9	2599	719699	722294	0.0	4628	Photobacterium sp. CCB-ST2H9 chromosome 1, complete sequence
S2754_000000000026	gi|2308716966|gb|CP099734.1|	97.344	2598	53	14	10	2597	3393830	3391239	0.0	4401	Photobacterium sp. TY1-4 chromosome 1, complete sequence
S2754_000000000026	gi|2308716966|gb|CP099734.1|	97.372	2588	55	12	10	2589	3398630	3396048	0.0	4390	Photobacterium sp. TY1-4 chromosome 1, complete sequence
S2754_000000000026	gi|2308716966|gb|CP099734.1|	96.946	2587	67	11	10	2589	681821	684402	0.0	4329	Photobacterium sp. TY1-4 chromosome 1, complete sequence
S2754_000000000026	gi|2308716966|gb|CP099734.1|	96.839	2594	70	11	3	2589	3231618	3229030	0.0	4325	Photobacterium sp. TY1-4 chromosome 1, complete sequence
S2754_000000000026	gi|2308716966|gb|CP099734.1|	96.800	2594	71	11	3	2589	32404	34992	0.0	4320	Photobacterium sp. TY1-4 chromosome 1, complete sequence
S2754_000000000026	gi|2308716966|gb|CP099734.1|	96.767	2598	69	13	10	2597	303557	306149	0.0	4318	Photobacterium sp. TY1-4 chromosome 1, complete sequence
S2754_000000000026	gi|2308716966|gb|CP099734.1|	96.762	2594	72	11	3	2589	26934	29522	0.0	4314	Photobacterium sp. TY1-4 chromosome 1, complete sequence
S2754_000000000026	gi|2308716966|gb|CP099734.1|	96.723	2594	73	11	3	2589	3520509	3517921	0.0	4309	Photobacterium sp. TY1-4 chromosome 1, complete sequence
S2754_000000000026	gi|2308716966|gb|CP099734.1|	96.792	2587	71	11	10	2589	587566	590147	0.0	4307	Photobacterium sp. TY1-4 chromosome 1, complete sequence
S2754_000000000026	gi|2308716966|gb|CP099734.1|	96.792	2587	71	11	10	2589	3061207	3058626	0.0	4307	Photobacterium sp. TY1-4 chromosome 1, complete sequence
S2754_000000000026	gi|2308716966|gb|CP099734.1|	96.685	2594	74	11	3	2589	3514929	3512341	0.0	4303	Photobacterium sp. TY1-4 chromosome 1, complete sequence
S2754_000000000026	gi|2308716966|gb|CP099734.1|	96.753	2587	72	11	10	2589	3509097	3506516	0.0	4301	Photobacterium sp. TY1-4 chromosome 1, complete sequence
S2754_000000000026	gi|2308716966|gb|CP099734.1|	96.536	2598	72	16	10	2597	3388327	3385738	0.0	4283	Photobacterium sp. TY1-4 chromosome 1, complete sequence
S2754_000000000030	gi|2176112298|gb|CP090364.1|	87.807	1099	108	6	1	1099	1643799	1644871	0.0	1264	Photobacterium sp. TLY01 chromosome 1, complete sequence
S2754_000000000030	gi|2030487859|gb|CP073578.1|	86.052	466	65	0	641	1106	3423087	3422622	4.36e-136	501	Photobacterium sp. GJ3 chromosome, complete genome
S2754_000000000030	gi|2030487859|gb|CP073578.1|	86.052	466	64	1	641	1106	3414023	3414487	1.57e-135	499	Photobacterium sp. GJ3 chromosome, complete genome
S2754_000000000030	gi|2030487859|gb|CP073578.1|	83.595	573	48	19	2	574	3413505	3414031	2.03e-134	496	Photobacterium sp. GJ3 chromosome, complete genome
S2754_000000000030	gi|2030487859|gb|CP073578.1|	82.900	538	46	19	37	574	3423570	3423079	2.68e-118	442	Photobacterium sp. GJ3 chromosome, complete genome
S2754_000000000030	gi|2030487859|gb|CP073578.1|	96.226	53	2	0	1054	1106	3280796	3280744	1.45e-11	87.9	Photobacterium sp. GJ3 chromosome, complete genome
S2754_000000000030	gi|2030487859|gb|CP073578.1|	96.226	53	2	0	1054	1106	3289083	3289031	1.45e-11	87.9	Photobacterium sp. GJ3 chromosome, complete genome
S2754_000000000030	gi|2030491004|gb|CP073579.1|	94.017	117	6	1	2	118	1666981	1666866	3.00e-38	176	Photobacterium sp. GJ3 plasmid pGJ3-1, complete sequence
S2754_000000000031	gi|2030487859|gb|CP073578.1|	99.814	1077	2	0	1	1077	178980	177904	0.0	1978	Photobacterium sp. GJ3 chromosome, complete genome
S2754_000000000031	gi|2030487859|gb|CP073578.1|	99.814	1077	2	0	1	1077	2748084	2749160	0.0	1978	Photobacterium sp. GJ3 chromosome, complete genome
S2754_000000000031	gi|2030487859|gb|CP073578.1|	99.814	1077	2	0	1	1077	3052392	3053468	0.0	1978	Photobacterium sp. GJ3 chromosome, complete genome
S2754_000000000031	gi|2030487859|gb|CP073578.1|	99.814	1077	2	0	1	1077	3354096	3355172	0.0	1978	Photobacterium sp. GJ3 chromosome, complete genome
S2754_000000000031	gi|2030487859|gb|CP073578.1|	99.721	1077	3	0	1	1077	184800	183724	0.0	1973	Photobacterium sp. GJ3 chromosome, complete genome
S2754_000000000031	gi|2030487859|gb|CP073578.1|	99.721	1077	2	1	1	1077	3470062	3468987	0.0	1971	Photobacterium sp. GJ3 chromosome, complete genome
S2754_000000000031	gi|2030487859|gb|CP073578.1|	99.443	1077	6	0	1	1077	2648287	2649363	0.0	1956	Photobacterium sp. GJ3 chromosome, complete genome
S2754_000000000031	gi|2030487859|gb|CP073578.1|	99.443	1077	6	0	1	1077	3475696	3474620	0.0	1956	Photobacterium sp. GJ3 chromosome, complete genome
S2754_000000000031	gi|2030487859|gb|CP073578.1|	99.443	1077	6	0	1	1077	3589476	3588400	0.0	1956	Photobacterium sp. GJ3 chromosome, complete genome
S2754_000000000031	gi|2030487859|gb|CP073578.1|	99.443	1077	6	0	1	1077	3595294	3594218	0.0	1956	Photobacterium sp. GJ3 chromosome, complete genome
S2754_000000000031	gi|2030487859|gb|CP073578.1|	99.443	1077	2	4	1	1077	3601100	3600028	0.0	1953	Photobacterium sp. GJ3 chromosome, complete genome
S2754_000000000031	gi|2176112298|gb|CP090364.1|	99.721	1077	3	0	1	1077	30609	29533	0.0	1973	Photobacterium sp. TLY01 chromosome 1, complete sequence
S2754_000000000031	gi|2176112298|gb|CP090364.1|	99.721	1077	3	0	1	1077	3178166	3179242	0.0	1973	Photobacterium sp. TLY01 chromosome 1, complete sequence
S2754_000000000031	gi|2176112298|gb|CP090364.1|	99.629	1077	4	0	1	1077	307384	306308	0.0	1967	Photobacterium sp. TLY01 chromosome 1, complete sequence
S2754_000000000031	gi|2176112298|gb|CP090364.1|	99.629	1077	4	0	1	1077	574254	573178	0.0	1967	Photobacterium sp. TLY01 chromosome 1, complete sequence
S2754_000000000031	gi|2176112298|gb|CP090364.1|	99.629	1077	4	0	1	1077	669664	668588	0.0	1967	Photobacterium sp. TLY01 chromosome 1, complete sequence
S2754_000000000031	gi|2176112298|gb|CP090364.1|	99.629	1077	4	0	1	1077	3183971	3185047	0.0	1967	Photobacterium sp. TLY01 chromosome 1, complete sequence
S2754_000000000031	gi|2176112298|gb|CP090364.1|	99.629	1077	4	0	1	1077	3295895	3296971	0.0	1967	Photobacterium sp. TLY01 chromosome 1, complete sequence
S2754_000000000031	gi|2176112298|gb|CP090364.1|	99.628	1076	4	0	1	1076	2964321	2965396	0.0	1965	Photobacterium sp. TLY01 chromosome 1, complete sequence
S2754_000000000031	gi|2176112298|gb|CP090364.1|	99.628	1076	4	0	1	1076	2975469	2976544	0.0	1965	Photobacterium sp. TLY01 chromosome 1, complete sequence
S2754_000000000031	gi|2176112298|gb|CP090364.1|	99.628	1076	4	0	1	1076	2981043	2982118	0.0	1965	Photobacterium sp. TLY01 chromosome 1, complete sequence
S2754_000000000031	gi|2176112298|gb|CP090364.1|	99.628	1076	4	0	1	1076	3290534	3291609	0.0	1965	Photobacterium sp. TLY01 chromosome 1, complete sequence
S2754_000000000031	gi|2176112298|gb|CP090364.1|	99.535	1076	5	0	1	1076	2969894	2970969	0.0	1960	Photobacterium sp. TLY01 chromosome 1, complete sequence
S2754_000000000031	gi|1146059146|ref|NR_145878.1|	100.000	1065	0	0	13	1077	1540	476	0.0	1967	Photobacterium galatheae strain S2753 16S ribosomal RNA, partial sequence
